prtnum,stoloc,ship_to_loc,maxunt,minunt,invsts,mod_usr_id
1003508,I01049,,100,10,AFS,SAMNI
1015684,M02002,1396,100,10,AFS,SAMNI
1041078,N03116,,100,10,AFS,SAMNI
1041342,N02105,,100,10,AFS,SAMNI
1041607,N03087,,100,10,AFS,SAMNI
1041607,H01029,1506,100,10,AFS,SAMNI
1058841,F01008,1396,100,10,AFS,SAMNI
1065259,J01028,1396,100,10,AFS,SAMNI
1066208,P02064,1506,100,10,AFS,SAMNI
1079367,G01044,,100,10,AFS,SAMNI
1183136,P01066,1506,100,10,AFS,SAMNI
1183136,F01007,1396,100,10,AFS,SAMNI
12025,C01034,1506,100,10,AFS,SAMNI
12041,M01028,1396,100,10,AFS,SAMNI
12106,M01029,1396,100,10,AFS,SAMNI
12106,E01033,1506,100,10,AFS,SAMNI
12235089,J01003,1396,100,10,AFS,SAMNI
1237809,H01051,,100,10,AFS,SAMNI
12467,G01019,1396,100,10,AFS,SAMNI
12615965,F01054,,100,10,AFS,SAMNI
12742,D01006,1396,100,10,AFS,SAMNI
12742,C01028,1506,100,10,AFS,SAMNI
12767749,M02066,,100,10,AFS,SAMNI
12840,B01021,1506,100,10,AFS,SAMNI
12840,D01008,1396,100,10,AFS,SAMNI
12912,K01030,1396,100,10,AFS,SAMNI
12912,F01031,1506,100,10,AFS,SAMNI
13079587,J01021,1396,100,10,AFS,SAMNI
13079595,G01001,1396,100,10,AFS,SAMNI
13104549,J01073,,100,10,AFS,SAMNI
13104638,J01064,,100,10,AFS,SAMNI
13110,L01007,1396,100,10,AFS,SAMNI
13140030,C01007,1396,100,10,AFS,SAMNI
13140030,A01030,1506,100,10,AFS,SAMNI
1353531,P01091,1506,100,10,AFS,SAMNI
1353531,L01071,,100,10,AFS,SAMNI
14435093,O01076,,100,10,AFS,SAMNI
14435093,P01093,1506,100,10,AFS,SAMNI
14542000,G01026,1506,100,10,AFS,SAMNI
14542000,K01065,,100,10,AFS,SAMNI
14542019,K01070,,100,10,AFS,SAMNI
14542019,H01027,1506,100,10,AFS,SAMNI
15417315,L01024,1396,100,10,AFS,SAMNI
1567056,H01075,,100,10,AFS,SAMNI
16152,C01013,1396,100,10,AFS,SAMNI
16209,C01019,1396,100,10,AFS,SAMNI
16209,A01020,1506,100,10,AFS,SAMNI
16283398,E01070,,100,10,AFS,SAMNI
16322,E01057,1506,100,10,AFS,SAMNI
16322,K01006,1396,100,10,AFS,SAMNI
16336815,G01078,,100,10,AFS,SAMNI
16336815,J01077,,100,10,AFS,SAMNI
16365548,K01028,1396,100,10,AFS,SAMNI
16365548,F01042,1506,100,10,AFS,SAMNI
16472158,O01110,1506,100,10,AFS,SAMNI
16472158,K01010,1396,100,10,AFS,SAMNI
16500,G01015,1396,100,10,AFS,SAMNI
16500,P01059,1506,100,10,AFS,SAMNI
16659,I01013,1396,100,10,AFS,SAMNI
16674052,O02101,,100,10,AFS,SAMNI
16885010,N03100,,100,10,AFS,SAMNI
16885380,I01038,,100,10,AFS,SAMNI
16885380,P01092,1506,100,10,AFS,SAMNI
1693266,E01012,1396,100,10,AFS,SAMNI
1693266,C01039,1506,100,10,AFS,SAMNI
17485,B01036,1506,100,10,AFS,SAMNI
1753870,O02066,,100,10,AFS,SAMNI
17555553,M02017,1396,100,10,AFS,SAMNI
1786722,I01043,,100,10,AFS,SAMNI
18193086,O03111,1506,100,10,AFS,SAMNI
1842236,I01002,1396,100,10,AFS,SAMNI
1860394,N02064,,100,10,AFS,SAMNI
18659271,O01102,,100,10,AFS,SAMNI
1870815,O01096,,100,10,AFS,SAMNI
1870898,M02067,,100,10,AFS,SAMNI
18732939,O01075,,100,10,AFS,SAMNI
1884329,I01028,,100,10,AFS,SAMNI
1884329,K01047,,100,10,AFS,SAMNI
1884329,G01025,1506,100,10,AFS,SAMNI
19558592,O02089,,100,10,AFS,SAMNI
1988898,O01116,1506,100,10,AFS,SAMNI
19943526,K01001,1396,100,10,AFS,SAMNI
1995943,B01038,1506,100,10,AFS,SAMNI
2000865,I01067,,100,10,AFS,SAMNI
20257016,N01086,,100,10,AFS,SAMNI
20257032,K01071,,100,10,AFS,SAMNI
20257032,G01027,1506,100,10,AFS,SAMNI
20261463,K01060,,100,10,AFS,SAMNI
20399546,I01070,,100,10,AFS,SAMNI
20748478,F01078,,100,10,AFS,SAMNI
20800631,A01005,1396,100,10,AFS,SAMNI
20807601,A01011,1396,100,10,AFS,SAMNI
20860774,B01028,1506,100,10,AFS,SAMNI
20860774,K01026,1396,100,10,AFS,SAMNI
2091852,H01019,1396,100,10,AFS,SAMNI
2091852,D01031,1506,100,10,AFS,SAMNI
21250376,C01022,1506,100,10,AFS,SAMNI
21250376,D01002,1396,100,10,AFS,SAMNI
21250414,M02046,1396,100,10,AFS,SAMNI
21765708,M02059,,100,10,AFS,SAMNI
21773514,O01099,,100,10,AFS,SAMNI
21773514,H01040,1506,100,10,AFS,SAMNI
21773662,M02070,,100,10,AFS,SAMNI
2179121,K01023,1396,100,10,AFS,SAMNI
2179121,C01023,1506,100,10,AFS,SAMNI
21968641,O02084,,100,10,AFS,SAMNI
21968650,N01106,,100,10,AFS,SAMNI
22078542,K01016,1396,100,10,AFS,SAMNI
2212803,K01040,1396,100,10,AFS,SAMNI
2212803,O01111,1506,100,10,AFS,SAMNI
22555731,O01105,1506,100,10,AFS,SAMNI
22555731,K01036,1396,100,10,AFS,SAMNI
22555758,D01009,1396,100,10,AFS,SAMNI
22633686,K01021,1396,100,10,AFS,SAMNI
22652931,G01016,1396,100,10,AFS,SAMNI
2266440,F01012,1396,100,10,AFS,SAMNI
22754149,I01063,,100,10,AFS,SAMNI
22791087,G01069,,100,10,AFS,SAMNI
2291258,I01003,1396,100,10,AFS,SAMNI
2291258,F01036,1506,100,10,AFS,SAMNI
22922610,F01066,,100,10,AFS,SAMNI
22926772,J01053,,100,10,AFS,SAMNI
23085534,O03110,1506,100,10,AFS,SAMNI
23160587,J01040,1396,100,10,AFS,SAMNI
23160587,E01050,1506,100,10,AFS,SAMNI
23229374,P02056,1506,100,10,AFS,SAMNI
23229803,D01036,1506,100,10,AFS,SAMNI
23229803,G01013,1396,100,10,AFS,SAMNI
2330466,F01026,1506,100,10,AFS,SAMNI
23408597,L01068,,100,10,AFS,SAMNI
23623137,O01040,1396,100,10,AFS,SAMNI
23792478,A01012,1396,100,10,AFS,SAMNI
23929910,O03071,,100,10,AFS,SAMNI
24017672,I01031,,100,10,AFS,SAMNI
24017672,G01028,1506,100,10,AFS,SAMNI
24017974,I01036,,100,10,AFS,SAMNI
24017974,P01096,1506,100,10,AFS,SAMNI
24038068,G01014,1396,100,10,AFS,SAMNI
2411296,C01003,1396,100,10,AFS,SAMNI
2411296,C01032,1506,100,10,AFS,SAMNI
24142396,N01116,,100,10,AFS,SAMNI
24222918,K01042,,100,10,AFS,SAMNI
24222934,J01059,,100,10,AFS,SAMNI
24373436,N02017,1396,100,10,AFS,SAMNI
24390063,M01027,1396,100,10,AFS,SAMNI
24562093,A01008,1396,100,10,AFS,SAMNI
24592251,M01032,1396,100,10,AFS,SAMNI
24608093,C01033,1506,100,10,AFS,SAMNI
24635880,D01020,1506,100,10,AFS,SAMNI
24635880,C01009,1396,100,10,AFS,SAMNI
24636585,C01012,1396,100,10,AFS,SAMNI
24636585,E01022,1506,100,10,AFS,SAMNI
24636666,A01022,1506,100,10,AFS,SAMNI
24636666,C01004,1396,100,10,AFS,SAMNI
24636780,P02067,1506,100,10,AFS,SAMNI
24636780,N02036,1396,100,10,AFS,SAMNI
24636798,D01019,1396,100,10,AFS,SAMNI
24636836,C01008,1396,100,10,AFS,SAMNI
24636836,A01031,1506,100,10,AFS,SAMNI
24783898,I01026,,100,10,AFS,SAMNI
24794288,I01018,1396,100,10,AFS,SAMNI
24844978,M03065,,100,10,AFS,SAMNI
24844986,O01070,,100,10,AFS,SAMNI
24844994,M03064,,100,10,AFS,SAMNI
24845001,O03078,,100,10,AFS,SAMNI
24936910,M02055,,100,10,AFS,SAMNI
24937054,O03082,,100,10,AFS,SAMNI
24942600,J01052,,100,10,AFS,SAMNI
25242491,M01002,1396,100,10,AFS,SAMNI
25242491,A01034,1506,100,10,AFS,SAMNI
25247868,N02041,1396,100,10,AFS,SAMNI
25247990,H01078,,100,10,AFS,SAMNI
25248066,G01066,,100,10,AFS,SAMNI
25248163,G01046,,100,10,AFS,SAMNI
25248171,G01073,,100,10,AFS,SAMNI
25248180,I01060,,100,10,AFS,SAMNI
25248198,I01044,,100,10,AFS,SAMNI
25249500,B01031,1506,100,10,AFS,SAMNI
25249500,E01013,1396,100,10,AFS,SAMNI
26100206,J01017,1396,100,10,AFS,SAMNI
26109207,K01078,,100,10,AFS,SAMNI
26129650,I01078,,100,10,AFS,SAMNI
26173062,D01004,1396,100,10,AFS,SAMNI
26173062,F01033,1506,100,10,AFS,SAMNI
26200592,P01070,1506,100,10,AFS,SAMNI
26202663,I01025,,100,10,AFS,SAMNI
26202671,M01093,,100,10,AFS,SAMNI
26237099,F01041,1506,100,10,AFS,SAMNI
26237099,M01045,1396,100,10,AFS,SAMNI
26294405,G01012,1396,100,10,AFS,SAMNI
26363598,H01065,,100,10,AFS,SAMNI
26465096,F01071,,100,10,AFS,SAMNI
26698043,N02094,,100,10,AFS,SAMNI
26740274,I01008,1396,100,10,AFS,SAMNI
27001890,N03112,,100,10,AFS,SAMNI
27001932,O01064,,100,10,AFS,SAMNI
27005073,L01031,1396,100,10,AFS,SAMNI
27005073,O02115,1506,100,10,AFS,SAMNI
27005263,M01086,,100,10,AFS,SAMNI
27020965,E01041,1506,100,10,AFS,SAMNI
27020965,E01018,1396,100,10,AFS,SAMNI
27044809,K01051,,100,10,AFS,SAMNI
27044981,L01053,,100,10,AFS,SAMNI
27095082,M03061,,100,10,AFS,SAMNI
27095116,O03080,,100,10,AFS,SAMNI
27248343,K01077,,100,10,AFS,SAMNI
27253053,G01039,1506,100,10,AFS,SAMNI
27253145,N02076,,100,10,AFS,SAMNI
27325216,M02028,1396,100,10,AFS,SAMNI
27329903,P03088,1506,100,10,AFS,SAMNI
27329903,J01044,,100,10,AFS,SAMNI
27377423,K01015,1396,100,10,AFS,SAMNI
27392463,I01059,,100,10,AFS,SAMNI
27457399,M02021,1396,100,10,AFS,SAMNI
27654227,F01075,,100,10,AFS,SAMNI
27659424,N03101,,100,10,AFS,SAMNI
27659820,N02070,,100,10,AFS,SAMNI
27660133,M02083,,100,10,AFS,SAMNI
27662121,M02081,,100,10,AFS,SAMNI
27668409,J01089,,100,10,AFS,SAMNI
27764455,L01052,,100,10,AFS,SAMNI
27996503,L01012,1396,100,10,AFS,SAMNI
27996503,P01062,1506,100,10,AFS,SAMNI
27998517,N02107,,100,10,AFS,SAMNI
28010593,O01119,1506,100,10,AFS,SAMNI
28010593,M02047,1396,100,10,AFS,SAMNI
28037810,N02001,1396,100,10,AFS,SAMNI
28126019,G01063,,100,10,AFS,SAMNI
28136620,I01054,,100,10,AFS,SAMNI
28179273,N02108,,100,10,AFS,SAMNI
28179273,P03091,1506,100,10,AFS,SAMNI
28216554,O02019,1396,100,10,AFS,SAMNI
28235109,G01061,,100,10,AFS,SAMNI
28235125,G01067,,100,10,AFS,SAMNI
28254969,M01041,1396,100,10,AFS,SAMNI
28254969,B01035,1506,100,10,AFS,SAMNI
28456705,P02062,1506,100,10,AFS,SAMNI
28456705,N01055,1396,100,10,AFS,SAMNI
28456705,O01039,1396,100,10,AFS,SAMNI
28467603,P02099,1506,100,10,AFS,SAMNI
28467603,O02062,,100,10,AFS,SAMNI
28495273,F01020,1506,100,10,AFS,SAMNI
28495273,F01006,1396,100,10,AFS,SAMNI
28630176,M02091,,100,10,AFS,SAMNI
28651677,E01079,,100,10,AFS,SAMNI
28652196,F01065,,100,10,AFS,SAMNI
28738235,E01045,1506,100,10,AFS,SAMNI
28739233,P01055,1506,100,10,AFS,SAMNI
28739704,C01037,1506,100,10,AFS,SAMNI
28742161,F01039,1506,100,10,AFS,SAMNI
28847804,N03088,,100,10,AFS,SAMNI
28921955,L01004,1396,100,10,AFS,SAMNI
28950202,K01020,1396,100,10,AFS,SAMNI
28969665,O02078,,100,10,AFS,SAMNI
28973386,K01005,1396,100,10,AFS,SAMNI
28973386,E01056,1506,100,10,AFS,SAMNI
28997948,A01032,1506,100,10,AFS,SAMNI
29037546,M02003,1396,100,10,AFS,SAMNI
29037652,N02023,1396,100,10,AFS,SAMNI
29037652,P01078,1506,100,10,AFS,SAMNI
29069085,P01069,1506,100,10,AFS,SAMNI
29069085,M02014,1396,100,10,AFS,SAMNI
29093572,L01046,,100,10,AFS,SAMNI
29093622,L01078,,100,10,AFS,SAMNI
29093689,M01091,,100,10,AFS,SAMNI
29093895,M01087,,100,10,AFS,SAMNI
29094158,N01097,,100,10,AFS,SAMNI
29094182,I01039,,100,10,AFS,SAMNI
29250883,B01025,1506,100,10,AFS,SAMNI
29264462,L01049,,100,10,AFS,SAMNI
29265105,O02085,,100,10,AFS,SAMNI
29293529,F01019,1506,100,10,AFS,SAMNI
29293529,K01032,1396,100,10,AFS,SAMNI
29309887,O01094,,100,10,AFS,SAMNI
29310992,N02086,,100,10,AFS,SAMNI
29351681,L01054,,100,10,AFS,SAMNI
29351681,P01087,1506,100,10,AFS,SAMNI
29362696,I01015,1396,100,10,AFS,SAMNI
2939797,N02020,1396,100,10,AFS,SAMNI
29411899,N02016,1396,100,10,AFS,SAMNI
29432341,O01083,,100,10,AFS,SAMNI
29434131,M02053,,100,10,AFS,SAMNI
29434172,I01004,1396,100,10,AFS,SAMNI
29470309,O02093,,100,10,AFS,SAMNI
29475019,B01037,1506,100,10,AFS,SAMNI
29538428,N03076,,100,10,AFS,SAMNI
29538550,N01088,,100,10,AFS,SAMNI
29594447,J01048,,100,10,AFS,SAMNI
29594447,H01022,1506,100,10,AFS,SAMNI
29608759,H01021,1506,100,10,AFS,SAMNI
29612637,G01053,,100,10,AFS,SAMNI
29613262,O02063,,100,10,AFS,SAMNI
29613296,M02058,,100,10,AFS,SAMNI
29723897,N02005,1396,100,10,AFS,SAMNI
2973189,I01019,1396,100,10,AFS,SAMNI
29761467,H01059,,100,10,AFS,SAMNI
29805967,P01090,1506,100,10,AFS,SAMNI
29805975,O02071,,100,10,AFS,SAMNI
29805991,O01092,,100,10,AFS,SAMNI
29806007,M03082,,100,10,AFS,SAMNI
29811668,N01053,1396,100,10,AFS,SAMNI
29818044,N01015,1396,100,10,AFS,SAMNI
29818044,P02058,1506,100,10,AFS,SAMNI
29893351,O02088,,100,10,AFS,SAMNI
2994275,J01061,,100,10,AFS,SAMNI
29976099,M01006,1396,100,10,AFS,SAMNI
29980158,K01029,1396,100,10,AFS,SAMNI
29980158,P01054,1506,100,10,AFS,SAMNI
29991114,J01067,,100,10,AFS,SAMNI
30057426,O03066,,100,10,AFS,SAMNI
30057509,O02098,,100,10,AFS,SAMNI
30057509,H01033,1506,100,10,AFS,SAMNI
30057533,H01028,1506,100,10,AFS,SAMNI
30057533,M02076,,100,10,AFS,SAMNI
30057566,K01073,,100,10,AFS,SAMNI
30057566,P01085,1506,100,10,AFS,SAMNI
30065296,M01065,,100,10,AFS,SAMNI
30065312,N01111,,100,10,AFS,SAMNI
30070593,A01029,1506,100,10,AFS,SAMNI
30070593,G01017,1396,100,10,AFS,SAMNI
30070593,P03055,1506,100,10,AFS,SAMNI
30070775,N03077,,100,10,AFS,SAMNI
30084271,I01033,,100,10,AFS,SAMNI
30084271,J01058,,100,10,AFS,SAMNI
30121081,G01062,,100,10,AFS,SAMNI
30179915,O02086,,100,10,AFS,SAMNI
30179923,O02081,,100,10,AFS,SAMNI
30440242,N02054,1396,100,10,AFS,SAMNI
30443469,H01001,1396,100,10,AFS,SAMNI
30550453,O02082,,100,10,AFS,SAMNI
30594253,N03089,,100,10,AFS,SAMNI
30637607,P03087,1506,100,10,AFS,SAMNI
30637607,N01109,,100,10,AFS,SAMNI
30637607,N01080,,100,10,AFS,SAMNI
30707582,E01047,1506,100,10,AFS,SAMNI
30707582,M01023,1396,100,10,AFS,SAMNI
30737944,J01070,,100,10,AFS,SAMNI
30737951,H01071,,100,10,AFS,SAMNI
30778252,N01117,,100,10,AFS,SAMNI
30778260,N02071,,100,10,AFS,SAMNI
30781686,I01016,1396,100,10,AFS,SAMNI
30816664,K01058,,100,10,AFS,SAMNI
30826051,M02099,,100,10,AFS,SAMNI
30829097,N02063,,100,10,AFS,SAMNI
30829113,N01081,,100,10,AFS,SAMNI
30829121,N03092,,100,10,AFS,SAMNI
30846240,L01080,,100,10,AFS,SAMNI
30848865,O02114,1506,100,10,AFS,SAMNI
30848865,N01020,1396,100,10,AFS,SAMNI
30852875,N02109,,100,10,AFS,SAMNI
30852883,N01089,,100,10,AFS,SAMNI
30852909,L01065,,100,10,AFS,SAMNI
30852917,N01062,,100,10,AFS,SAMNI
30852917,P01094,1506,100,10,AFS,SAMNI
30852941,P01095,1506,100,10,AFS,SAMNI
30852941,N01102,,100,10,AFS,SAMNI
30852958,I01030,,100,10,AFS,SAMNI
30852958,G01033,1506,100,10,AFS,SAMNI
30852990,A01018,1506,100,10,AFS,SAMNI
30852990,D01013,1396,100,10,AFS,SAMNI
30853014,J01031,1396,100,10,AFS,SAMNI
30853014,C01031,1506,100,10,AFS,SAMNI
30876502,O01066,,100,10,AFS,SAMNI
30898456,N03096,,100,10,AFS,SAMNI
30898464,M02079,,100,10,AFS,SAMNI
30922827,P02093,1506,100,10,AFS,SAMNI
30922827,K01048,,100,10,AFS,SAMNI
30927503,N02082,,100,10,AFS,SAMNI
31012313,M01040,1396,100,10,AFS,SAMNI
31027824,N02098,,100,10,AFS,SAMNI
31027832,M01077,,100,10,AFS,SAMNI
31027832,P01086,1506,100,10,AFS,SAMNI
31027857,O02067,,100,10,AFS,SAMNI
31027865,N01024,1396,100,10,AFS,SAMNI
31073943,D01057,,100,10,AFS,SAMNI
31112865,J01043,,100,10,AFS,SAMNI
31112873,L01045,,100,10,AFS,SAMNI
31112899,P02094,1506,100,10,AFS,SAMNI
31112899,O01086,,100,10,AFS,SAMNI
31112907,M02092,,100,10,AFS,SAMNI
31112915,O03074,,100,10,AFS,SAMNI
31214778,P03089,1506,100,10,AFS,SAMNI
3123383,A01036,1506,100,10,AFS,SAMNI
3123383,K01034,1396,100,10,AFS,SAMNI
31249766,O01041,1396,100,10,AFS,SAMNI
31286255,N02059,1396,100,10,AFS,SAMNI
31301013,G01023,1506,100,10,AFS,SAMNI
31301013,K01043,,100,10,AFS,SAMNI
31358666,O01087,,100,10,AFS,SAMNI
31358674,O01091,,100,10,AFS,SAMNI
31358690,O02068,,100,10,AFS,SAMNI
31410350,J01054,,100,10,AFS,SAMNI
31410350,O03086,,100,10,AFS,SAMNI
31410350,G01024,1506,100,10,AFS,SAMNI
31415227,N02111,,100,10,AFS,SAMNI
31415250,N02097,,100,10,AFS,SAMNI
31510290,O02094,,100,10,AFS,SAMNI
31510308,O01097,,100,10,AFS,SAMNI
31545213,M03060,,100,10,AFS,SAMNI
31548506,E01005,1396,100,10,AFS,SAMNI
31548506,A01021,1506,100,10,AFS,SAMNI
31584626,O01026,1396,100,10,AFS,SAMNI
31597792,F01077,,100,10,AFS,SAMNI
31642820,J01035,1396,100,10,AFS,SAMNI
31692155,K01052,,100,10,AFS,SAMNI
31720899,D01033,1506,100,10,AFS,SAMNI
31720899,M02042,1396,100,10,AFS,SAMNI
31721038,L01020,1396,100,10,AFS,SAMNI
31751746,O03084,,100,10,AFS,SAMNI
31771025,N03086,,100,10,AFS,SAMNI
31840564,P02054,1506,100,10,AFS,SAMNI
31911662,I01061,,100,10,AFS,SAMNI
31911688,E01061,,100,10,AFS,SAMNI
3192962,P01067,1506,100,10,AFS,SAMNI
3192962,I01014,1396,100,10,AFS,SAMNI
31946155,N01007,1396,100,10,AFS,SAMNI
31964406,F01030,1506,100,10,AFS,SAMNI
31970429,N02083,,100,10,AFS,SAMNI
31970437,M01088,,100,10,AFS,SAMNI
31987977,G01051,,100,10,AFS,SAMNI
31987985,G01079,,100,10,AFS,SAMNI
32062507,N03109,,100,10,AFS,SAMNI
32147142,L01021,1396,100,10,AFS,SAMNI
32178485,N03081,,100,10,AFS,SAMNI
32178501,N02077,,100,10,AFS,SAMNI
32220352,M03055,,100,10,AFS,SAMNI
32220378,K01056,,100,10,AFS,SAMNI
32220386,N03119,,100,10,AFS,SAMNI
32285959,M03083,,100,10,AFS,SAMNI
32306854,O03076,,100,10,AFS,SAMNI
32328627,I01027,,100,10,AFS,SAMNI
32329161,N01028,1396,100,10,AFS,SAMNI
32329195,N02006,1396,100,10,AFS,SAMNI
32391716,F01062,,100,10,AFS,SAMNI
32391732,H01041,,100,10,AFS,SAMNI
32391765,F01079,,100,10,AFS,SAMNI
32424343,I01068,,100,10,AFS,SAMNI
32437360,M01052,,100,10,AFS,SAMNI
32471195,I01051,,100,10,AFS,SAMNI
32519357,D01043,,100,10,AFS,SAMNI
32521817,M01014,1396,100,10,AFS,SAMNI
32521817,F01032,1506,100,10,AFS,SAMNI
32557795,P02063,1506,100,10,AFS,SAMNI
32557795,O01021,1396,100,10,AFS,SAMNI
32564387,D01021,1506,100,10,AFS,SAMNI
32564387,J01029,1396,100,10,AFS,SAMNI
32707192,G01006,1396,100,10,AFS,SAMNI
32707192,C01038,1506,100,10,AFS,SAMNI
32707267,O01009,1396,100,10,AFS,SAMNI
32717357,N01051,1396,100,10,AFS,SAMNI
32849747,O01080,,100,10,AFS,SAMNI
32849812,I01023,,100,10,AFS,SAMNI
32849812,H01030,1506,100,10,AFS,SAMNI
32849853,N02115,,100,10,AFS,SAMNI
32879231,L01079,,100,10,AFS,SAMNI
32881260,J01045,,100,10,AFS,SAMNI
32945909,N01064,,100,10,AFS,SAMNI
32945909,P01088,1506,100,10,AFS,SAMNI
32948341,H01066,,100,10,AFS,SAMNI
32948358,F01052,,100,10,AFS,SAMNI
32982779,L01038,1396,100,10,AFS,SAMNI
33056599,O01042,1396,100,10,AFS,SAMNI
33057019,G01077,,100,10,AFS,SAMNI
33057027,E01077,,100,10,AFS,SAMNI
33058801,J01032,1396,100,10,AFS,SAMNI
33058801,E01058,1506,100,10,AFS,SAMNI
33062001,P01097,1506,100,10,AFS,SAMNI
33086695,K01044,,100,10,AFS,SAMNI
33168121,P02055,1506,100,10,AFS,SAMNI
33168121,N02013,1396,100,10,AFS,SAMNI
33196288,P02077,1506,100,10,AFS,SAMNI
33212903,F01048,1506,100,10,AFS,SAMNI
33212903,N01023,1396,100,10,AFS,SAMNI
33270448,G01032,1506,100,10,AFS,SAMNI
33270448,K01076,,100,10,AFS,SAMNI
33274036,K01025,1396,100,10,AFS,SAMNI
33298498,I01080,,100,10,AFS,SAMNI
33320243,O03079,,100,10,AFS,SAMNI
33397423,J01025,1396,100,10,AFS,SAMNI
33399585,O02112,1506,100,10,AFS,SAMNI
33399585,O01012,1396,100,10,AFS,SAMNI
33399809,I01046,,100,10,AFS,SAMNI
33425489,J01087,,100,10,AFS,SAMNI
33435462,O01107,1506,100,10,AFS,SAMNI
33435462,F01004,1396,100,10,AFS,SAMNI
33448770,O02109,1506,100,10,AFS,SAMNI
33468109,M03068,,100,10,AFS,SAMNI
33474602,N02075,,100,10,AFS,SAMNI
33474636,O03083,,100,10,AFS,SAMNI
33535428,N01104,,100,10,AFS,SAMNI
33535436,M03054,,100,10,AFS,SAMNI
33554726,N01033,1396,100,10,AFS,SAMNI
33560061,O02102,,100,10,AFS,SAMNI
33560137,O01078,,100,10,AFS,SAMNI
33560137,P02086,1506,100,10,AFS,SAMNI
33560152,O02070,,100,10,AFS,SAMNI
33561200,M02057,,100,10,AFS,SAMNI
33561200,P02085,1506,100,10,AFS,SAMNI
33561309,M03053,,100,10,AFS,SAMNI
33561671,O03077,,100,10,AFS,SAMNI
33577180,M02030,1396,100,10,AFS,SAMNI
33590167,N02067,,100,10,AFS,SAMNI
33591124,E01031,1506,100,10,AFS,SAMNI
33591124,H01004,1396,100,10,AFS,SAMNI
33632308,O02100,,100,10,AFS,SAMNI
33632316,O01093,,100,10,AFS,SAMNI
33639329,L01072,,100,10,AFS,SAMNI
33639329,G01034,1506,100,10,AFS,SAMNI
33675497,P02092,1506,100,10,AFS,SAMNI
33675497,N01115,,100,10,AFS,SAMNI
33675505,M01089,,100,10,AFS,SAMNI
33676099,J01036,1396,100,10,AFS,SAMNI
33726464,M01064,,100,10,AFS,SAMNI
33726514,O01079,,100,10,AFS,SAMNI
33726522,O03072,,100,10,AFS,SAMNI
33726548,O03073,,100,10,AFS,SAMNI
33726563,O02091,,100,10,AFS,SAMNI
33772625,H01073,,100,10,AFS,SAMNI
33773094,N01049,1396,100,10,AFS,SAMNI
33783911,M02009,1396,100,10,AFS,SAMNI
33842626,H01010,1396,100,10,AFS,SAMNI
33842626,C01029,1506,100,10,AFS,SAMNI
3391329,F01076,,100,10,AFS,SAMNI
34000182,M01063,,100,10,AFS,SAMNI
34000729,M01085,,100,10,AFS,SAMNI
34001057,N03102,,100,10,AFS,SAMNI
34024729,M01047,1396,100,10,AFS,SAMNI
34024737,N01042,1396,100,10,AFS,SAMNI
34024745,N01060,1396,100,10,AFS,SAMNI
34029116,N01032,1396,100,10,AFS,SAMNI
34042234,L01039,1396,100,10,AFS,SAMNI
34042317,O01034,1396,100,10,AFS,SAMNI
34042416,M02050,1396,100,10,AFS,SAMNI
34054528,N01025,1396,100,10,AFS,SAMNI
34089219,L01009,1396,100,10,AFS,SAMNI
34089243,H01016,1396,100,10,AFS,SAMNI
34089367,O02072,,100,10,AFS,SAMNI
34092809,P01053,1506,100,10,AFS,SAMNI
34092809,O01023,1396,100,10,AFS,SAMNI
34092817,O01025,1396,100,10,AFS,SAMNI
34092817,P02053,1506,100,10,AFS,SAMNI
34092825,P01056,1506,100,10,AFS,SAMNI
34092825,N02039,1396,100,10,AFS,SAMNI
34116061,N02062,,100,10,AFS,SAMNI
34169268,L01014,1396,100,10,AFS,SAMNI
34171801,A01009,1396,100,10,AFS,SAMNI
34203042,M01094,,100,10,AFS,SAMNI
34209510,M02044,1396,100,10,AFS,SAMNI
34270520,O01024,1396,100,10,AFS,SAMNI
34293886,G01049,,100,10,AFS,SAMNI
34316232,K01024,1396,100,10,AFS,SAMNI
34316786,M01019,1396,100,10,AFS,SAMNI
34316786,O02107,1506,100,10,AFS,SAMNI
34320960,M01099,,100,10,AFS,SAMNI
34321026,M01072,,100,10,AFS,SAMNI
34323709,K01004,1396,100,10,AFS,SAMNI
34371708,H01043,,100,10,AFS,SAMNI
34392597,O03105,1506,100,10,AFS,SAMNI
34392779,O01114,1506,100,10,AFS,SAMNI
34462911,M01060,,100,10,AFS,SAMNI
34471912,I01055,,100,10,AFS,SAMNI
34472894,J01015,1396,100,10,AFS,SAMNI
34497594,N01095,,100,10,AFS,SAMNI
34512939,I01037,,100,10,AFS,SAMNI
34512939,G01029,1506,100,10,AFS,SAMNI
34556381,H01009,1396,100,10,AFS,SAMNI
34556381,E01038,1506,100,10,AFS,SAMNI
34558817,A01017,1506,100,10,AFS,SAMNI
34558817,F01014,1396,100,10,AFS,SAMNI
34571109,A01010,1396,100,10,AFS,SAMNI
34595934,O01035,1396,100,10,AFS,SAMNI
34613638,M02088,,100,10,AFS,SAMNI
34613885,M01081,,100,10,AFS,SAMNI
34651646,J01065,,100,10,AFS,SAMNI
34651653,I01075,,100,10,AFS,SAMNI
34794271,K01068,,100,10,AFS,SAMNI
34804443,O01100,,100,10,AFS,SAMNI
34828921,K01061,,100,10,AFS,SAMNI
34849851,D01058,,100,10,AFS,SAMNI
34850164,H01002,1396,100,10,AFS,SAMNI
34855213,K01008,1396,100,10,AFS,SAMNI
34929455,L01033,1396,100,10,AFS,SAMNI
34929455,O02106,1506,100,10,AFS,SAMNI
34929539,D01039,1506,100,10,AFS,SAMNI
34932871,N01085,,100,10,AFS,SAMNI
34938555,H01006,1396,100,10,AFS,SAMNI
34949669,C01024,1506,100,10,AFS,SAMNI
35033430,N03068,,100,10,AFS,SAMNI
35091008,N02014,1396,100,10,AFS,SAMNI
35092584,H01058,,100,10,AFS,SAMNI
35094028,N03071,,100,10,AFS,SAMNI
35105428,M03086,,100,10,AFS,SAMNI
35105428,M02063,,100,10,AFS,SAMNI
35107135,E01060,,100,10,AFS,SAMNI
35119551,J01008,1396,100,10,AFS,SAMNI
35119999,N02080,,100,10,AFS,SAMNI
35222744,I01029,,100,10,AFS,SAMNI
35249846,H01079,,100,10,AFS,SAMNI
35249853,J01062,,100,10,AFS,SAMNI
35263938,M02048,1396,100,10,AFS,SAMNI
35263938,P01068,1506,100,10,AFS,SAMNI
35274315,F01035,1506,100,10,AFS,SAMNI
35274315,N02046,1396,100,10,AFS,SAMNI
35353150,O01004,1396,100,10,AFS,SAMNI
35471473,H01072,,100,10,AFS,SAMNI
35563360,H01052,,100,10,AFS,SAMNI
35631332,O01011,1396,100,10,AFS,SAMNI
35631332,O01113,1506,100,10,AFS,SAMNI
3563944,A01024,1506,100,10,AFS,SAMNI
3563944,C01002,1396,100,10,AFS,SAMNI
35646199,P01073,1506,100,10,AFS,SAMNI
35646199,M01050,1396,100,10,AFS,SAMNI
35667625,M01025,1396,100,10,AFS,SAMNI
35667625,O01118,1506,100,10,AFS,SAMNI
35670934,H01064,,100,10,AFS,SAMNI
35718436,O01010,1396,100,10,AFS,SAMNI
35735752,D01030,1506,100,10,AFS,SAMNI
35735752,F01001,1396,100,10,AFS,SAMNI
35778984,M01068,,100,10,AFS,SAMNI
35792571,O01098,,100,10,AFS,SAMNI
35792597,O03067,,100,10,AFS,SAMNI
35796770,J01072,,100,10,AFS,SAMNI
35814755,J01002,1396,100,10,AFS,SAMNI
35814755,F01034,1506,100,10,AFS,SAMNI
35817170,D01023,1506,100,10,AFS,SAMNI
35817170,H01015,1396,100,10,AFS,SAMNI
35841626,M01075,,100,10,AFS,SAMNI
35867423,E01002,1396,100,10,AFS,SAMNI
35901289,N02024,1396,100,10,AFS,SAMNI
35915461,G01004,1396,100,10,AFS,SAMNI
35915859,M01017,1396,100,10,AFS,SAMNI
35916048,J01038,1396,100,10,AFS,SAMNI
35916048,E01024,1506,100,10,AFS,SAMNI
35919497,N03079,,100,10,AFS,SAMNI
35925262,F01017,1506,100,10,AFS,SAMNI
35925262,M01026,1396,100,10,AFS,SAMNI
35972397,N02021,1396,100,10,AFS,SAMNI
36110385,H01054,,100,10,AFS,SAMNI
36110401,F01067,,100,10,AFS,SAMNI
36110559,G01041,,100,10,AFS,SAMNI
36110625,G01056,,100,10,AFS,SAMNI
36140911,O01017,1396,100,10,AFS,SAMNI
36168987,N02011,1396,100,10,AFS,SAMNI
36168987,P02059,1506,100,10,AFS,SAMNI
36243921,M02094,,100,10,AFS,SAMNI
36244051,O01073,,100,10,AFS,SAMNI
36254753,O03104,1506,100,10,AFS,SAMNI
36359578,L01043,,100,10,AFS,SAMNI
36360048,L01044,,100,10,AFS,SAMNI
36389492,M01043,1396,100,10,AFS,SAMNI
36390755,E01027,1506,100,10,AFS,SAMNI
36390755,J01033,1396,100,10,AFS,SAMNI
36390789,I01020,1396,100,10,AFS,SAMNI
36390789,D01026,1506,100,10,AFS,SAMNI
36422160,F01024,1506,100,10,AFS,SAMNI
36422160,K01018,1396,100,10,AFS,SAMNI
36424240,H01007,1396,100,10,AFS,SAMNI
36424240,D01035,1506,100,10,AFS,SAMNI
36424257,O01104,1506,100,10,AFS,SAMNI
36424257,L01025,1396,100,10,AFS,SAMNI
36446771,N01012,1396,100,10,AFS,SAMNI
36463834,K01014,1396,100,10,AFS,SAMNI
36463834,F01029,1506,100,10,AFS,SAMNI
36466126,N02120,,100,10,AFS,SAMNI
36466159,L01069,,100,10,AFS,SAMNI
36484806,M02036,1396,100,10,AFS,SAMNI
36546752,G01037,1506,100,10,AFS,SAMNI
36546752,J01042,,100,10,AFS,SAMNI
36562346,E01021,1506,100,10,AFS,SAMNI
36562346,G01005,1396,100,10,AFS,SAMNI
36608222,N02045,1396,100,10,AFS,SAMNI
36608230,N01036,1396,100,10,AFS,SAMNI
36632438,N01010,1396,100,10,AFS,SAMNI
36639482,J01005,1396,100,10,AFS,SAMNI
36639482,B01029,1506,100,10,AFS,SAMNI
36663649,O02113,1506,100,10,AFS,SAMNI
36686319,L01074,,100,10,AFS,SAMNI
36688158,F01023,1506,100,10,AFS,SAMNI
36688158,F01003,1396,100,10,AFS,SAMNI
36744696,P01058,1506,100,10,AFS,SAMNI
36744696,O02012,1396,100,10,AFS,SAMNI
36755494,E01055,1506,100,10,AFS,SAMNI
36758183,E01020,1506,100,10,AFS,SAMNI
36758183,G01003,1396,100,10,AFS,SAMNI
36778645,H01026,1506,100,10,AFS,SAMNI
36778645,J01041,,100,10,AFS,SAMNI
36778702,M01090,,100,10,AFS,SAMNI
36778777,J01047,,100,10,AFS,SAMNI
36779064,N01087,,100,10,AFS,SAMNI
36782647,I01071,,100,10,AFS,SAMNI
36783058,H01017,1396,100,10,AFS,SAMNI
36800563,O01062,,100,10,AFS,SAMNI
36801983,L01028,1396,100,10,AFS,SAMNI
36801983,E01025,1506,100,10,AFS,SAMNI
36808202,I01073,,100,10,AFS,SAMNI
36882272,H01080,,100,10,AFS,SAMNI
36894608,N01067,,100,10,AFS,SAMNI
36895761,M03078,,100,10,AFS,SAMNI
36909356,M02061,,100,10,AFS,SAMNI
36909745,N01069,,100,10,AFS,SAMNI
36909877,N01068,,100,10,AFS,SAMNI
36910578,N01101,,100,10,AFS,SAMNI
36910578,P02096,1506,100,10,AFS,SAMNI
36911543,M03076,,100,10,AFS,SAMNI
36912046,M03075,,100,10,AFS,SAMNI
36923522,N01070,,100,10,AFS,SAMNI
36924090,N02084,,100,10,AFS,SAMNI
36924116,L01055,,100,10,AFS,SAMNI
36924140,M03079,,100,10,AFS,SAMNI
36946531,N03083,,100,10,AFS,SAMNI
36947786,N03084,,100,10,AFS,SAMNI
36947943,N03085,,100,10,AFS,SAMNI
36948370,N03106,,100,10,AFS,SAMNI
36954055,N03108,,100,10,AFS,SAMNI
36954667,N02095,,100,10,AFS,SAMNI
36955516,N03107,,100,10,AFS,SAMNI
36981173,F01027,1506,100,10,AFS,SAMNI
37008588,N01113,,100,10,AFS,SAMNI
37008638,L01075,,100,10,AFS,SAMNI
37008638,G01030,1506,100,10,AFS,SAMNI
37009073,N01098,,100,10,AFS,SAMNI
37009271,N03105,,100,10,AFS,SAMNI
37013828,N01108,,100,10,AFS,SAMNI
37030152,K01035,1396,100,10,AFS,SAMNI
37060548,M01079,,100,10,AFS,SAMNI
37081288,H01067,,100,10,AFS,SAMNI
37081320,G01048,,100,10,AFS,SAMNI
37091659,F01011,1396,100,10,AFS,SAMNI
37091659,D01027,1506,100,10,AFS,SAMNI
37091667,F01038,1506,100,10,AFS,SAMNI
37091667,N02026,1396,100,10,AFS,SAMNI
37099512,K01046,,100,10,AFS,SAMNI
37108677,D01050,,100,10,AFS,SAMNI
37165974,P01063,1506,100,10,AFS,SAMNI
37166824,O02116,1506,100,10,AFS,SAMNI
37168978,E01048,1506,100,10,AFS,SAMNI
37174901,M01082,,100,10,AFS,SAMNI
37176989,M01070,,100,10,AFS,SAMNI
37180254,D01032,1506,100,10,AFS,SAMNI
37180254,L01029,1396,100,10,AFS,SAMNI
37189164,N02091,,100,10,AFS,SAMNI
37189198,M03090,,100,10,AFS,SAMNI
37189339,N03074,,100,10,AFS,SAMNI
37189362,N03075,,100,10,AFS,SAMNI
37190196,M01058,,100,10,AFS,SAMNI
37221520,G01043,,100,10,AFS,SAMNI
37233897,P01099,1506,100,10,AFS,SAMNI
37233897,O03075,,100,10,AFS,SAMNI
37233939,K01079,,100,10,AFS,SAMNI
37233939,G01038,1506,100,10,AFS,SAMNI
37234846,M02086,,100,10,AFS,SAMNI
37250180,O01054,1396,100,10,AFS,SAMNI
37251345,O03109,1506,100,10,AFS,SAMNI
37260809,O03108,1506,100,10,AFS,SAMNI
37261609,O03112,1506,100,10,AFS,SAMNI
37261658,O03113,1506,100,10,AFS,SAMNI
37270196,E01026,1506,100,10,AFS,SAMNI
37270196,M02005,1396,100,10,AFS,SAMNI
37272796,M02032,1396,100,10,AFS,SAMNI
37272796,O02104,1506,100,10,AFS,SAMNI
37283751,M01012,1396,100,10,AFS,SAMNI
37294428,P01077,1506,100,10,AFS,SAMNI
37294774,N02074,,100,10,AFS,SAMNI
37301702,M01057,,100,10,AFS,SAMNI
37304458,L01077,,100,10,AFS,SAMNI
37304458,G01031,1506,100,10,AFS,SAMNI
37304805,E01030,1506,100,10,AFS,SAMNI
37304805,K01027,1396,100,10,AFS,SAMNI
37304813,O01117,1506,100,10,AFS,SAMNI
37312402,N03115,,100,10,AFS,SAMNI
37354735,M01061,,100,10,AFS,SAMNI
37364221,H01057,,100,10,AFS,SAMNI
37375466,O01018,1396,100,10,AFS,SAMNI
37399359,O01084,,100,10,AFS,SAMNI
37408846,O03063,,100,10,AFS,SAMNI
37416690,O03064,,100,10,AFS,SAMNI
37416963,O03065,,100,10,AFS,SAMNI
37417003,O02080,,100,10,AFS,SAMNI
37425725,L01048,,100,10,AFS,SAMNI
37425964,N02090,,100,10,AFS,SAMNI
37426103,N02100,,100,10,AFS,SAMNI
37443751,M01005,1396,100,10,AFS,SAMNI
37443751,P01065,1506,100,10,AFS,SAMNI
37451812,C01014,1396,100,10,AFS,SAMNI
37451895,E01007,1396,100,10,AFS,SAMNI
37460326,F01043,1506,100,10,AFS,SAMNI
37460326,M01048,1396,100,10,AFS,SAMNI
37496742,M01083,,100,10,AFS,SAMNI
37502549,L01036,1396,100,10,AFS,SAMNI
37502580,D01038,1506,100,10,AFS,SAMNI
37502580,M02008,1396,100,10,AFS,SAMNI
37502606,N01027,1396,100,10,AFS,SAMNI
37502606,E01035,1506,100,10,AFS,SAMNI
37504552,N01061,,100,10,AFS,SAMNI
37511805,L01050,,100,10,AFS,SAMNI
37511805,H01023,1506,100,10,AFS,SAMNI
37528114,N02112,,100,10,AFS,SAMNI
37532363,O02011,1396,100,10,AFS,SAMNI
37532702,O02010,1396,100,10,AFS,SAMNI
37532942,N02048,1396,100,10,AFS,SAMNI
37562519,K01080,,100,10,AFS,SAMNI
37566783,P02089,1506,100,10,AFS,SAMNI
37566783,M03062,,100,10,AFS,SAMNI
37567393,N02079,,100,10,AFS,SAMNI
37567773,O01090,,100,10,AFS,SAMNI
37574308,N01096,,100,10,AFS,SAMNI
37574308,H01032,1506,100,10,AFS,SAMNI
37589702,N01019,1396,100,10,AFS,SAMNI
37589702,P02078,1506,100,10,AFS,SAMNI
37589736,O01022,1396,100,10,AFS,SAMNI
37589751,O01053,1396,100,10,AFS,SAMNI
37597259,N02027,1396,100,10,AFS,SAMNI
37695095,N01014,1396,100,10,AFS,SAMNI
37695095,P01061,1506,100,10,AFS,SAMNI
37695632,N01118,,100,10,AFS,SAMNI
37695665,N01094,,100,10,AFS,SAMNI
37695707,M02054,,100,10,AFS,SAMNI
37709508,A01035,1506,100,10,AFS,SAMNI
37756558,N03093,,100,10,AFS,SAMNI
37769676,M03085,,100,10,AFS,SAMNI
37771870,N03095,,100,10,AFS,SAMNI
37772555,N03094,,100,10,AFS,SAMNI
37782257,N03103,,100,10,AFS,SAMNI
37786472,P02095,1506,100,10,AFS,SAMNI
37786472,L01047,,100,10,AFS,SAMNI
37787298,P02071,1506,100,10,AFS,SAMNI
37793452,M02072,,100,10,AFS,SAMNI
37796208,M01044,1396,100,10,AFS,SAMNI
37796240,N01045,1396,100,10,AFS,SAMNI
37796323,M02041,1396,100,10,AFS,SAMNI
37796398,N01059,1396,100,10,AFS,SAMNI
37796406,O01001,1396,100,10,AFS,SAMNI
37818069,M01001,1396,100,10,AFS,SAMNI
37822731,J01081,,100,10,AFS,SAMNI
37829322,N02066,,100,10,AFS,SAMNI
37858065,N03082,,100,10,AFS,SAMNI
37865896,I01057,,100,10,AFS,SAMNI
37866100,I01047,,100,10,AFS,SAMNI
37867744,H01048,,100,10,AFS,SAMNI
37881299,M02085,,100,10,AFS,SAMNI
37881869,M03057,,100,10,AFS,SAMNI
37891553,N03067,,100,10,AFS,SAMNI
37894714,I01053,,100,10,AFS,SAMNI
37904067,O02110,1506,100,10,AFS,SAMNI
37923695,K01003,1396,100,10,AFS,SAMNI
37938735,N03110,,100,10,AFS,SAMNI
37938859,N03111,,100,10,AFS,SAMNI
37946977,P02065,1506,100,10,AFS,SAMNI
37946977,N01056,1396,100,10,AFS,SAMNI
37984044,J01049,,100,10,AFS,SAMNI
38007530,N03080,,100,10,AFS,SAMNI
38019352,O02013,1396,100,10,AFS,SAMNI
38050555,P01098,1506,100,10,AFS,SAMNI
38050555,K01054,,100,10,AFS,SAMNI
38051710,J01057,,100,10,AFS,SAMNI
38051850,N01099,,100,10,AFS,SAMNI
38095220,N01043,1396,100,10,AFS,SAMNI
38095220,P02072,1506,100,10,AFS,SAMNI
38136925,K01057,,100,10,AFS,SAMNI
38136966,M02069,,100,10,AFS,SAMNI
38138681,M01074,,100,10,AFS,SAMNI
38150819,P01060,1506,100,10,AFS,SAMNI
38150819,K01012,1396,100,10,AFS,SAMNI
38151841,I01041,,100,10,AFS,SAMNI
38152393,N01063,,100,10,AFS,SAMNI
38219648,J01063,,100,10,AFS,SAMNI
38219903,J01075,,100,10,AFS,SAMNI
38220109,J01076,,100,10,AFS,SAMNI
38237681,H01013,1396,100,10,AFS,SAMNI
38237681,F01025,1506,100,10,AFS,SAMNI
38238119,N01092,,100,10,AFS,SAMNI
38238119,L01051,,100,10,AFS,SAMNI
38238119,P02087,1506,100,10,AFS,SAMNI
38238465,O01069,,100,10,AFS,SAMNI
38238465,H01037,1506,100,10,AFS,SAMNI
38239125,M02080,,100,10,AFS,SAMNI
38246484,M02074,,100,10,AFS,SAMNI
38246484,H01024,1506,100,10,AFS,SAMNI
38248415,O01016,1396,100,10,AFS,SAMNI
38248647,M01036,1396,100,10,AFS,SAMNI
38251658,N01017,1396,100,10,AFS,SAMNI
38251658,E01059,1506,100,10,AFS,SAMNI
38262408,N03063,,100,10,AFS,SAMNI
38327870,G01071,,100,10,AFS,SAMNI
38353074,O02002,1396,100,10,AFS,SAMNI
38353140,O02008,1396,100,10,AFS,SAMNI
38353181,O02003,1396,100,10,AFS,SAMNI
38353579,N01003,1396,100,10,AFS,SAMNI
38353579,O02034,1396,100,10,AFS,SAMNI
38353595,O02004,1396,100,10,AFS,SAMNI
38353611,O02009,1396,100,10,AFS,SAMNI
38353629,O02005,1396,100,10,AFS,SAMNI
38353652,E01028,1506,100,10,AFS,SAMNI
38354080,O02006,1396,100,10,AFS,SAMNI
38354098,O02035,1396,100,10,AFS,SAMNI
38354114,O02007,1396,100,10,AFS,SAMNI
38354148,N02033,1396,100,10,AFS,SAMNI
38354155,O01059,1396,100,10,AFS,SAMNI
38354163,O01060,1396,100,10,AFS,SAMNI
38354189,N02058,1396,100,10,AFS,SAMNI
38354197,O02001,1396,100,10,AFS,SAMNI
38364337,I01065,,100,10,AFS,SAMNI
38409082,O01007,1396,100,10,AFS,SAMNI
38409082,O03103,1506,100,10,AFS,SAMNI
38409546,M01007,1396,100,10,AFS,SAMNI
38427605,O02069,,100,10,AFS,SAMNI
38436010,N02085,,100,10,AFS,SAMNI
38436085,N01054,1396,100,10,AFS,SAMNI
38464384,G01036,1506,100,10,AFS,SAMNI
38464384,I01034,,100,10,AFS,SAMNI
38508271,K01037,1396,100,10,AFS,SAMNI
38508271,O01120,1506,100,10,AFS,SAMNI
38508297,D01034,1506,100,10,AFS,SAMNI
38508297,M02037,1396,100,10,AFS,SAMNI
38508305,F01045,1506,100,10,AFS,SAMNI
38508305,L01016,1396,100,10,AFS,SAMNI
38508321,M01008,1396,100,10,AFS,SAMNI
38518858,A01007,1396,100,10,AFS,SAMNI
38557526,H01049,,100,10,AFS,SAMNI
38578191,G01068,,100,10,AFS,SAMNI
38582904,C01035,1506,100,10,AFS,SAMNI
38602181,A01023,1506,100,10,AFS,SAMNI
38602181,G01002,1396,100,10,AFS,SAMNI
38602389,O01068,,100,10,AFS,SAMNI
38605481,O01052,1396,100,10,AFS,SAMNI
38609855,H01044,,100,10,AFS,SAMNI
38631941,N03064,,100,10,AFS,SAMNI
38631966,N03117,,100,10,AFS,SAMNI
38639654,N03062,,100,10,AFS,SAMNI
38663696,M03092,,100,10,AFS,SAMNI
38663696,P02098,1506,100,10,AFS,SAMNI
38663712,N01077,,100,10,AFS,SAMNI
38663712,N03070,,100,10,AFS,SAMNI
38663720,M01062,,100,10,AFS,SAMNI
38666996,O02095,,100,10,AFS,SAMNI
38675203,I01050,,100,10,AFS,SAMNI
38676375,K01022,1396,100,10,AFS,SAMNI
38676375,E01043,1506,100,10,AFS,SAMNI
38690442,N02069,,100,10,AFS,SAMNI
38690459,M03077,,100,10,AFS,SAMNI
38695656,M02039,1396,100,10,AFS,SAMNI
38713038,O01013,1396,100,10,AFS,SAMNI
38713038,E01042,1506,100,10,AFS,SAMNI
38713087,O01108,1506,100,10,AFS,SAMNI
38713087,M02026,1396,100,10,AFS,SAMNI
38717203,L01032,1396,100,10,AFS,SAMNI
38719670,N02009,1396,100,10,AFS,SAMNI
38723789,J01085,,100,10,AFS,SAMNI
38723821,J01084,,100,10,AFS,SAMNI
38725461,K01013,1396,100,10,AFS,SAMNI
38729430,I01024,,100,10,AFS,SAMNI
38729430,K01041,,100,10,AFS,SAMNI
38735197,L01008,1396,100,10,AFS,SAMNI
38735197,O01112,1506,100,10,AFS,SAMNI
38735320,O02105,1506,100,10,AFS,SAMNI
38735320,M02024,1396,100,10,AFS,SAMNI
38736617,J01001,1396,100,10,AFS,SAMNI
38749743,F01055,,100,10,AFS,SAMNI
38754073,N01100,,100,10,AFS,SAMNI
38754131,J01050,,100,10,AFS,SAMNI
38754198,N02093,,100,10,AFS,SAMNI
38776514,O02024,1396,100,10,AFS,SAMNI
38789723,B01023,1506,100,10,AFS,SAMNI
38790168,F01010,1396,100,10,AFS,SAMNI
38792156,O01044,1396,100,10,AFS,SAMNI
38793899,N02117,,100,10,AFS,SAMNI
38850228,N01001,1396,100,10,AFS,SAMNI
38853586,N02114,,100,10,AFS,SAMNI
38854063,M01022,1396,100,10,AFS,SAMNI
38854188,O01046,1396,100,10,AFS,SAMNI
38856399,M02007,1396,100,10,AFS,SAMNI
38858411,N01016,1396,100,10,AFS,SAMNI
38858494,N02002,1396,100,10,AFS,SAMNI
38858577,N01047,1396,100,10,AFS,SAMNI
38859971,I01042,,100,10,AFS,SAMNI
38860185,I01062,,100,10,AFS,SAMNI
38878401,J01092,,100,10,AFS,SAMNI
38878401,F01060,,100,10,AFS,SAMNI
38878419,D01048,,100,10,AFS,SAMNI
38878419,G01045,,100,10,AFS,SAMNI
38878427,D01055,,100,10,AFS,SAMNI
38878435,E01065,,100,10,AFS,SAMNI
38878443,F01074,,100,10,AFS,SAMNI
38899514,N02104,,100,10,AFS,SAMNI
38910683,M03066,,100,10,AFS,SAMNI
38935607,J01037,1396,100,10,AFS,SAMNI
38935607,F01022,1506,100,10,AFS,SAMNI
38936084,E01049,1506,100,10,AFS,SAMNI
38936084,J01012,1396,100,10,AFS,SAMNI
38940565,O02111,1506,100,10,AFS,SAMNI
38940565,O01045,1396,100,10,AFS,SAMNI
38945382,N03120,,100,10,AFS,SAMNI
38964870,F01063,,100,10,AFS,SAMNI
38977302,N03078,,100,10,AFS,SAMNI
38977765,M01024,1396,100,10,AFS,SAMNI
38977906,O01005,1396,100,10,AFS,SAMNI
39051073,F01050,,100,10,AFS,SAMNI
39051081,G01050,,100,10,AFS,SAMNI
39058094,O01055,1396,100,10,AFS,SAMNI
39071212,C01020,1506,100,10,AFS,SAMNI
39071212,J01039,1396,100,10,AFS,SAMNI
39114046,M02015,1396,100,10,AFS,SAMNI
39114103,N02034,1396,100,10,AFS,SAMNI
39114111,N01031,1396,100,10,AFS,SAMNI
39131610,F01053,,100,10,AFS,SAMNI
39159405,N01022,1396,100,10,AFS,SAMNI
39161278,O01048,1396,100,10,AFS,SAMNI
39175500,N02103,,100,10,AFS,SAMNI
39175500,P03086,1506,100,10,AFS,SAMNI
39175534,O02074,,100,10,AFS,SAMNI
39175583,M02052,,100,10,AFS,SAMNI
39175708,N02113,,100,10,AFS,SAMNI
39175740,O02079,,100,10,AFS,SAMNI
39189816,O03070,,100,10,AFS,SAMNI
39189931,M03091,,100,10,AFS,SAMNI
39189964,N03073,,100,10,AFS,SAMNI
39189964,H01034,1506,100,10,AFS,SAMNI
39190061,N02096,,100,10,AFS,SAMNI
39190079,N03065,,100,10,AFS,SAMNI
39190111,K01064,,100,10,AFS,SAMNI
39209218,J01080,,100,10,AFS,SAMNI
39219647,M01004,1396,100,10,AFS,SAMNI
39228150,O03085,,100,10,AFS,SAMNI
39229984,P02069,1506,100,10,AFS,SAMNI
39233333,P02068,1506,100,10,AFS,SAMNI
39233333,M01015,1396,100,10,AFS,SAMNI
39233341,O02108,1506,100,10,AFS,SAMNI
39233341,N01044,1396,100,10,AFS,SAMNI
39233770,N02049,1396,100,10,AFS,SAMNI
39233770,O03107,1506,100,10,AFS,SAMNI
39233796,P02052,1506,100,10,AFS,SAMNI
39233796,O02018,1396,100,10,AFS,SAMNI
39241732,M01035,1396,100,10,AFS,SAMNI
39241732,E01034,1506,100,10,AFS,SAMNI
39246301,L01023,1396,100,10,AFS,SAMNI
39250394,E01062,,100,10,AFS,SAMNI
39260179,F01061,,100,10,AFS,SAMNI
39269121,E01014,1396,100,10,AFS,SAMNI
39275037,M01042,1396,100,10,AFS,SAMNI
39281076,O03061,,100,10,AFS,SAMNI
39292826,D01014,1396,100,10,AFS,SAMNI
39297395,K01067,,100,10,AFS,SAMNI
39297403,L01067,,100,10,AFS,SAMNI
39306790,I01045,,100,10,AFS,SAMNI
39315106,O02017,1396,100,10,AFS,SAMNI
39316443,M02006,1396,100,10,AFS,SAMNI
39316443,F01018,1506,100,10,AFS,SAMNI
39332093,O01020,1396,100,10,AFS,SAMNI
39336284,D01016,1396,100,10,AFS,SAMNI
39347034,D01051,,100,10,AFS,SAMNI
39347125,H01046,,100,10,AFS,SAMNI
39347141,F01073,,100,10,AFS,SAMNI
39347257,D01044,,100,10,AFS,SAMNI
39347372,F01064,,100,10,AFS,SAMNI
39347430,E01066,,100,10,AFS,SAMNI
39347448,G01052,,100,10,AFS,SAMNI
39360672,E01017,1396,100,10,AFS,SAMNI
39360714,E01011,1396,100,10,AFS,SAMNI
39361316,N01050,1396,100,10,AFS,SAMNI
39366158,H01074,,100,10,AFS,SAMNI
39373691,N01006,1396,100,10,AFS,SAMNI
39373709,N01004,1396,100,10,AFS,SAMNI
39373717,N01005,1396,100,10,AFS,SAMNI
39379409,H01003,1396,100,10,AFS,SAMNI
39379417,L01037,1396,100,10,AFS,SAMNI
39379425,L01019,1396,100,10,AFS,SAMNI
39379425,E01040,1506,100,10,AFS,SAMNI
39379433,N02019,1396,100,10,AFS,SAMNI
39379441,O01008,1396,100,10,AFS,SAMNI
39379441,P02057,1506,100,10,AFS,SAMNI
39379458,O01103,1506,100,10,AFS,SAMNI
39379458,N01026,1396,100,10,AFS,SAMNI
39380449,O02083,,100,10,AFS,SAMNI
39380456,M03059,,100,10,AFS,SAMNI
39380464,N01103,,100,10,AFS,SAMNI
39385034,M02082,,100,10,AFS,SAMNI
39387337,H01020,1396,100,10,AFS,SAMNI
39391651,H01036,1506,100,10,AFS,SAMNI
39391651,L01076,,100,10,AFS,SAMNI
39400361,M03052,,100,10,AFS,SAMNI
39401823,M02010,1396,100,10,AFS,SAMNI
39401823,P03054,1506,100,10,AFS,SAMNI
39421946,P02066,1506,100,10,AFS,SAMNI
39421946,N01048,1396,100,10,AFS,SAMNI
39432745,F01051,,100,10,AFS,SAMNI
39470802,M01003,1396,100,10,AFS,SAMNI
39490933,P03085,1506,100,10,AFS,SAMNI
39491824,O01067,,100,10,AFS,SAMNI
39491824,H01031,1506,100,10,AFS,SAMNI
39495437,K01055,,100,10,AFS,SAMNI
39505227,O02065,,100,10,AFS,SAMNI
39505243,M03089,,100,10,AFS,SAMNI
39518154,O01014,1396,100,10,AFS,SAMNI
39523212,M03088,,100,10,AFS,SAMNI
39523212,M01053,,100,10,AFS,SAMNI
39523287,G01070,,100,10,AFS,SAMNI
39523386,G01059,,100,10,AFS,SAMNI
39525654,N02056,1396,100,10,AFS,SAMNI
39538152,O01003,1396,100,10,AFS,SAMNI
39538152,E01052,1506,100,10,AFS,SAMNI
39643424,H01055,,100,10,AFS,SAMNI
39643432,H01070,,100,10,AFS,SAMNI
39643440,H01050,,100,10,AFS,SAMNI
39646690,N02003,1396,100,10,AFS,SAMNI
39648183,N02065,,100,10,AFS,SAMNI
39648217,L01073,,100,10,AFS,SAMNI
39650551,N03072,,100,10,AFS,SAMNI
39653829,N03114,,100,10,AFS,SAMNI
39653845,M03081,,100,10,AFS,SAMNI
39653852,N03091,,100,10,AFS,SAMNI
39670278,I01032,,100,10,AFS,SAMNI
39670419,M01096,,100,10,AFS,SAMNI
39670435,L01056,,100,10,AFS,SAMNI
39715453,O01031,1396,100,10,AFS,SAMNI
39715586,O01032,1396,100,10,AFS,SAMNI
39715651,O01033,1396,100,10,AFS,SAMNI
39717251,N01029,1396,100,10,AFS,SAMNI
39717277,N02043,1396,100,10,AFS,SAMNI
39717285,N02008,1396,100,10,AFS,SAMNI
39721725,B01004,1396,100,10,AFS,SAMNI
39722574,M02022,1396,100,10,AFS,SAMNI
39727169,H01012,1396,100,10,AFS,SAMNI
39746052,O03116,1506,100,10,AFS,SAMNI
39772975,M01080,,100,10,AFS,SAMNI
39773049,M03070,,100,10,AFS,SAMNI
39773049,M02060,,100,10,AFS,SAMNI
39773056,M03069,,100,10,AFS,SAMNI
39774195,P01072,1506,100,10,AFS,SAMNI
39774211,O03119,1506,100,10,AFS,SAMNI
39788138,N01076,,100,10,AFS,SAMNI
39819230,J01078,,100,10,AFS,SAMNI
39819370,H01011,1396,100,10,AFS,SAMNI
39819412,N02010,1396,100,10,AFS,SAMNI
39828504,P03052,1506,100,10,AFS,SAMNI
39845730,N02047,1396,100,10,AFS,SAMNI
39848999,O03120,1506,100,10,AFS,SAMNI
39851498,G01007,1396,100,10,AFS,SAMNI
39867619,M02056,,100,10,AFS,SAMNI
39897673,I01048,,100,10,AFS,SAMNI
39897681,J01074,,100,10,AFS,SAMNI
39915849,P01089,1506,100,10,AFS,SAMNI
39915849,M03094,,100,10,AFS,SAMNI
39915851,O02090,,100,10,AFS,SAMNI
39917695,N01046,1396,100,10,AFS,SAMNI
39919402,M01038,1396,100,10,AFS,SAMNI
39923891,J01011,1396,100,10,AFS,SAMNI
39923891,C01025,1506,100,10,AFS,SAMNI
39927850,N02004,1396,100,10,AFS,SAMNI
39929000,F01040,1506,100,10,AFS,SAMNI
39929000,J01007,1396,100,10,AFS,SAMNI
39929237,J01030,1396,100,10,AFS,SAMNI
39929237,E01039,1506,100,10,AFS,SAMNI
39929833,N01119,,100,10,AFS,SAMNI
39929834,M02089,,100,10,AFS,SAMNI
39967047,M02073,,100,10,AFS,SAMNI
39968789,N02018,1396,100,10,AFS,SAMNI
39970272,O01056,1396,100,10,AFS,SAMNI
39970553,G01075,,100,10,AFS,SAMNI
39974605,A01006,1396,100,10,AFS,SAMNI
39975800,G01072,,100,10,AFS,SAMNI
39982343,L01034,1396,100,10,AFS,SAMNI
39983367,N02119,,100,10,AFS,SAMNI
39983368,O02073,,100,10,AFS,SAMNI
39983371,N01110,,100,10,AFS,SAMNI
39983373,O02076,,100,10,AFS,SAMNI
39983375,M03058,,100,10,AFS,SAMNI
39983543,M03098,,100,10,AFS,SAMNI
39983614,G01060,,100,10,AFS,SAMNI
39987169,O02092,,100,10,AFS,SAMNI
39987730,L01062,,100,10,AFS,SAMNI
39988449,M02016,1396,100,10,AFS,SAMNI
39991672,L01027,1396,100,10,AFS,SAMNI
39991672,O01115,1506,100,10,AFS,SAMNI
39991673,N02025,1396,100,10,AFS,SAMNI
39991674,M01049,1396,100,10,AFS,SAMNI
39991674,P01076,1506,100,10,AFS,SAMNI
39991856,E01044,1506,100,10,AFS,SAMNI
39991856,L01001,1396,100,10,AFS,SAMNI
39992060,M02033,1396,100,10,AFS,SAMNI
39994751,E01032,1506,100,10,AFS,SAMNI
39994769,P02074,1506,100,10,AFS,SAMNI
39994769,M02038,1396,100,10,AFS,SAMNI
39994777,N02031,1396,100,10,AFS,SAMNI
39994777,P02075,1506,100,10,AFS,SAMNI
39994785,O01051,1396,100,10,AFS,SAMNI
39997689,M02025,1396,100,10,AFS,SAMNI
40005225,G01018,1396,100,10,AFS,SAMNI
40005258,K01039,1396,100,10,AFS,SAMNI
40005258,F01044,1506,100,10,AFS,SAMNI
40005357,P02073,1506,100,10,AFS,SAMNI
40005357,N02052,1396,100,10,AFS,SAMNI
40005746,L01015,1396,100,10,AFS,SAMNI
40005795,L01022,1396,100,10,AFS,SAMNI
40005803,M02004,1396,100,10,AFS,SAMNI
40010720,O01061,,100,10,AFS,SAMNI
40010787,M02077,,100,10,AFS,SAMNI
40010787,H01038,1506,100,10,AFS,SAMNI
40010803,J01051,,100,10,AFS,SAMNI
40011397,N01112,,100,10,AFS,SAMNI
40015042,F01009,1396,100,10,AFS,SAMNI
40016313,H01063,,100,10,AFS,SAMNI
40016339,F01072,,100,10,AFS,SAMNI
40016370,H01056,,100,10,AFS,SAMNI
40017661,O01101,,100,10,AFS,SAMNI
40031957,E01006,1396,100,10,AFS,SAMNI
40031957,D01022,1506,100,10,AFS,SAMNI
40032450,M02087,,100,10,AFS,SAMNI
40032492,N01065,,100,10,AFS,SAMNI
40039778,M02012,1396,100,10,AFS,SAMNI
40042590,N02081,,100,10,AFS,SAMNI
40042624,O03062,,100,10,AFS,SAMNI
40046567,F01021,1506,100,10,AFS,SAMNI
40046567,M01009,1396,100,10,AFS,SAMNI
40046575,N01013,1396,100,10,AFS,SAMNI
40047193,N02089,,100,10,AFS,SAMNI
40047219,M02098,,100,10,AFS,SAMNI
40047227,N03097,,100,10,AFS,SAMNI
40047250,N03098,,100,10,AFS,SAMNI
40123408,F01069,,100,10,AFS,SAMNI
40123523,E01075,,100,10,AFS,SAMNI
40123549,I01072,,100,10,AFS,SAMNI
40123556,H01061,,100,10,AFS,SAMNI
40126112,O03114,1506,100,10,AFS,SAMNI
40136780,M02018,1396,100,10,AFS,SAMNI
40136855,N01038,1396,100,10,AFS,SAMNI
40136889,B01026,1506,100,10,AFS,SAMNI
40136889,D01003,1396,100,10,AFS,SAMNI
40136905,N02038,1396,100,10,AFS,SAMNI
40136921,J01026,1396,100,10,AFS,SAMNI
40140352,N03118,,100,10,AFS,SAMNI
40140352,N01084,,100,10,AFS,SAMNI
40140873,L01061,,100,10,AFS,SAMNI
40141319,N03104,,100,10,AFS,SAMNI
40144363,O01054,1396,100,10,AFS,SAMNI
40144364,O01055,1396,100,10,AFS,SAMNI
40144368,O01058,1396,100,10,AFS,SAMNI
40144370,O01057,1396,100,10,AFS,SAMNI
40147050,N01041,1396,100,10,AFS,SAMNI
40148629,E01074,,100,10,AFS,SAMNI
40154692,N01091,,100,10,AFS,SAMNI
40160434,M02045,1396,100,10,AFS,SAMNI
40160442,M01010,1396,100,10,AFS,SAMNI
40160459,L01003,1396,100,10,AFS,SAMNI
40161002,H01042,,100,10,AFS,SAMNI
40169260,K01019,1396,100,10,AFS,SAMNI
40169575,B01010,1396,100,10,AFS,SAMNI
40188344,F01058,,100,10,AFS,SAMNI
40203283,L01064,,100,10,AFS,SAMNI
40206005,M02084,,100,10,AFS,SAMNI
40206013,M03080,,100,10,AFS,SAMNI
40207300,I01056,,100,10,AFS,SAMNI
40210973,H01076,,100,10,AFS,SAMNI
40235285,N02030,1396,100,10,AFS,SAMNI
40236598,J01083,,100,10,AFS,SAMNI
40245185,N03099,,100,10,AFS,SAMNI
40245193,N02106,,100,10,AFS,SAMNI
40246290,N02118,,100,10,AFS,SAMNI
40246308,O01089,,100,10,AFS,SAMNI
40246316,M02097,,100,10,AFS,SAMNI
40248452,O03081,,100,10,AFS,SAMNI
40248460,N01105,,100,10,AFS,SAMNI
40248502,O01071,,100,10,AFS,SAMNI
40259442,M03084,,100,10,AFS,SAMNI
40291544,C01021,1506,100,10,AFS,SAMNI
40291544,L01035,1396,100,10,AFS,SAMNI
40294985,J01006,1396,100,10,AFS,SAMNI
40294985,F01037,1506,100,10,AFS,SAMNI
40323719,M02096,,100,10,AFS,SAMNI
40323727,N02068,,100,10,AFS,SAMNI
40323735,N02087,,100,10,AFS,SAMNI
40323743,O01074,,100,10,AFS,SAMNI
40323750,N01066,,100,10,AFS,SAMNI
40338691,P02061,1506,100,10,AFS,SAMNI
40338691,N02051,1396,100,10,AFS,SAMNI
40338725,M02043,1396,100,10,AFS,SAMNI
40338725,O02120,1506,100,10,AFS,SAMNI
40343113,G01035,1506,100,10,AFS,SAMNI
40343113,M03072,,100,10,AFS,SAMNI
40343121,M03074,,100,10,AFS,SAMNI
40343139,M03073,,100,10,AFS,SAMNI
40343147,M03071,,100,10,AFS,SAMNI
40345084,O03069,,100,10,AFS,SAMNI
40345118,A01013,1396,100,10,AFS,SAMNI
40349029,H01035,1506,100,10,AFS,SAMNI
40349029,N01083,,100,10,AFS,SAMNI
40355521,N03090,,100,10,AFS,SAMNI
40361305,E01008,1396,100,10,AFS,SAMNI
40371551,G01057,,100,10,AFS,SAMNI
40371601,E01068,,100,10,AFS,SAMNI
40384406,D01017,1396,100,10,AFS,SAMNI
40384406,O01109,1506,100,10,AFS,SAMNI
40385486,I01022,,100,10,AFS,SAMNI
40413734,H01069,,100,10,AFS,SAMNI
40414419,K01007,1396,100,10,AFS,SAMNI
40417248,N02044,1396,100,10,AFS,SAMNI
40428047,O01049,1396,100,10,AFS,SAMNI
40428054,O01050,1396,100,10,AFS,SAMNI
40428245,L01011,1396,100,10,AFS,SAMNI
40428252,N02050,1396,100,10,AFS,SAMNI
40428286,N02042,1396,100,10,AFS,SAMNI
40428344,L01013,1396,100,10,AFS,SAMNI
40428344,P01075,1506,100,10,AFS,SAMNI
40434276,G01022,1506,100,10,AFS,SAMNI
40439986,O02030,1396,100,10,AFS,SAMNI
40439986,D01028,1506,100,10,AFS,SAMNI
40442022,M02029,1396,100,10,AFS,SAMNI
40442030,N01040,1396,100,10,AFS,SAMNI
40442048,N02055,1396,100,10,AFS,SAMNI
40442055,N02012,1396,100,10,AFS,SAMNI
40442063,N01039,1396,100,10,AFS,SAMNI
40442071,M02034,1396,100,10,AFS,SAMNI
40452278,M01092,,100,10,AFS,SAMNI
40452286,O01081,,100,10,AFS,SAMNI
40452450,L01026,1396,100,10,AFS,SAMNI
40452468,I01012,1396,100,10,AFS,SAMNI
40452476,I01001,1396,100,10,AFS,SAMNI
40452476,C01026,1506,100,10,AFS,SAMNI
40453219,N02102,,100,10,AFS,SAMNI
40461568,F01013,1396,100,10,AFS,SAMNI
40462145,P01071,1506,100,10,AFS,SAMNI
40472870,P02070,1506,100,10,AFS,SAMNI
40472870,N02015,1396,100,10,AFS,SAMNI
40474231,O02038,1396,100,10,AFS,SAMNI
40474231,O03106,1506,100,10,AFS,SAMNI
40474231,P03057,1506,100,10,AFS,SAMNI
40474280,O02037,1396,100,10,AFS,SAMNI
40474579,B01034,1506,100,10,AFS,SAMNI
40475881,I01066,,100,10,AFS,SAMNI
40475972,H01060,,100,10,AFS,SAMNI
40483232,G01010,1396,100,10,AFS,SAMNI
40490740,O01029,1396,100,10,AFS,SAMNI
40490757,O01028,1396,100,10,AFS,SAMNI
40490765,O01027,1396,100,10,AFS,SAMNI
40490773,O01030,1396,100,10,AFS,SAMNI
40490799,M02049,1396,100,10,AFS,SAMNI
40490807,N01052,1396,100,10,AFS,SAMNI
40492332,O02016,1396,100,10,AFS,SAMNI
40492357,O02015,1396,100,10,AFS,SAMNI
40499980,J01009,1396,100,10,AFS,SAMNI
40499980,A01033,1506,100,10,AFS,SAMNI
40502106,J01079,,100,10,AFS,SAMNI
40512725,O02026,1396,100,10,AFS,SAMNI
40516429,I01010,1396,100,10,AFS,SAMNI
40516791,M03063,,100,10,AFS,SAMNI
40516825,O01065,,100,10,AFS,SAMNI
40516841,M01078,,100,10,AFS,SAMNI
40516841,H01025,1506,100,10,AFS,SAMNI
40517583,K01066,,100,10,AFS,SAMNI
40519720,N02007,1396,100,10,AFS,SAMNI
40519852,N02022,1396,100,10,AFS,SAMNI
40527186,M03099,,100,10,AFS,SAMNI
40527541,N03066,,100,10,AFS,SAMNI
40527558,O02097,,100,10,AFS,SAMNI
40527814,N02028,1396,100,10,AFS,SAMNI
40527814,P01064,1506,100,10,AFS,SAMNI
40528705,N01018,1396,100,10,AFS,SAMNI
40528846,N02037,1396,100,10,AFS,SAMNI
40531378,I01040,,100,10,AFS,SAMNI
40534471,F01047,1506,100,10,AFS,SAMNI
40538100,M02051,1396,100,10,AFS,SAMNI
40547366,F01070,,100,10,AFS,SAMNI
40547416,G01040,,100,10,AFS,SAMNI
40549636,E01071,,100,10,AFS,SAMNI
40549966,E01069,,100,10,AFS,SAMNI
40570731,M02040,1396,100,10,AFS,SAMNI
40594194,A01004,1396,100,10,AFS,SAMNI
40594202,B01012,1396,100,10,AFS,SAMNI
40594277,B01011,1396,100,10,AFS,SAMNI
40596520,H01047,,100,10,AFS,SAMNI
40661811,M02095,,100,10,AFS,SAMNI
40662769,O02075,,100,10,AFS,SAMNI
40662868,M03067,,100,10,AFS,SAMNI
40663775,O02087,,100,10,AFS,SAMNI
40663932,O02099,,100,10,AFS,SAMNI
40663940,N02101,,100,10,AFS,SAMNI
40666828,F01056,,100,10,AFS,SAMNI
40684664,J01071,,100,10,AFS,SAMNI
40686875,N01011,1396,100,10,AFS,SAMNI
40687444,K01011,1396,100,10,AFS,SAMNI
40736282,N02061,,100,10,AFS,SAMNI
40736290,M02071,,100,10,AFS,SAMNI
40737165,N02035,1396,100,10,AFS,SAMNI
40759284,O01047,1396,100,10,AFS,SAMNI
40793002,M01011,1396,100,10,AFS,SAMNI
40829590,E01036,1506,100,10,AFS,SAMNI
40829590,M02011,1396,100,10,AFS,SAMNI
40849077,M02013,1396,100,10,AFS,SAMNI
40852253,M01021,1396,100,10,AFS,SAMNI
41146507,O02077,,100,10,AFS,SAMNI
41152281,G01054,,100,10,AFS,SAMNI
41172412,D01052,,100,10,AFS,SAMNI
41182270,K01074,,100,10,AFS,SAMNI
41192667,N03069,,100,10,AFS,SAMNI
41192725,O01072,,100,10,AFS,SAMNI
41192733,O01063,,100,10,AFS,SAMNI
41192758,O02096,,100,10,AFS,SAMNI
41227257,I01064,,100,10,AFS,SAMNI
41233818,D01056,,100,10,AFS,SAMNI
41233826,D01045,,100,10,AFS,SAMNI
41238858,G01055,,100,10,AFS,SAMNI
41239641,M01018,1396,100,10,AFS,SAMNI
41241795,I01011,1396,100,10,AFS,SAMNI
41255332,O02014,1396,100,10,AFS,SAMNI
41260928,N01037,1396,100,10,AFS,SAMNI
41260928,F01046,1506,100,10,AFS,SAMNI
41261520,O01015,1396,100,10,AFS,SAMNI
41267188,N01114,,100,10,AFS,SAMNI
41274184,B01001,1396,100,10,AFS,SAMNI
41274192,N02060,1396,100,10,AFS,SAMNI
41274218,M02019,1396,100,10,AFS,SAMNI
41274226,K01038,1396,100,10,AFS,SAMNI
41275371,O01002,1396,100,10,AFS,SAMNI
41275462,O01057,1396,100,10,AFS,SAMNI
41288952,J01068,,100,10,AFS,SAMNI
41302209,J01014,1396,100,10,AFS,SAMNI
41302431,I01077,,100,10,AFS,SAMNI
41306424,M01034,1396,100,10,AFS,SAMNI
41306424,P03053,1506,100,10,AFS,SAMNI
41306481,M01030,1396,100,10,AFS,SAMNI
41314360,H01008,1396,100,10,AFS,SAMNI
41314360,D01024,1506,100,10,AFS,SAMNI
41333220,O01019,1396,100,10,AFS,SAMNI
41354002,I01035,,100,10,AFS,SAMNI
41361072,H01053,,100,10,AFS,SAMNI
41373648,O03118,1506,100,10,AFS,SAMNI
41381823,O02061,,100,10,AFS,SAMNI
41381831,N02099,,100,10,AFS,SAMNI
41381831,P02088,1506,100,10,AFS,SAMNI
41381849,P02091,1506,100,10,AFS,SAMNI
41381849,N02110,,100,10,AFS,SAMNI
41407008,C01015,1396,100,10,AFS,SAMNI
41407008,B01024,1506,100,10,AFS,SAMNI
41407032,C01036,1506,100,10,AFS,SAMNI
41407032,C01001,1396,100,10,AFS,SAMNI
41407313,M01046,1396,100,10,AFS,SAMNI
41407438,N02040,1396,100,10,AFS,SAMNI
41420191,M01073,,100,10,AFS,SAMNI
41431396,O01037,1396,100,10,AFS,SAMNI
41440207,O01006,1396,100,10,AFS,SAMNI
41455866,M01076,,100,10,AFS,SAMNI
41460023,I01052,,100,10,AFS,SAMNI
41461732,H01068,,100,10,AFS,SAMNI
41461773,I01076,,100,10,AFS,SAMNI
41462185,I01069,,100,10,AFS,SAMNI
41472465,N01009,1396,100,10,AFS,SAMNI
41477480,A01003,1396,100,10,AFS,SAMNI
41478173,B01032,1506,100,10,AFS,SAMNI
41478173,C01011,1396,100,10,AFS,SAMNI
41486549,E01004,1396,100,10,AFS,SAMNI
41495888,D01040,,100,10,AFS,SAMNI
41509167,N01120,,100,10,AFS,SAMNI
41509175,N01107,,100,10,AFS,SAMNI
41509175,P02097,1506,100,10,AFS,SAMNI
41509191,N02092,,100,10,AFS,SAMNI
41509266,M02068,,100,10,AFS,SAMNI
41509456,O03068,,100,10,AFS,SAMNI
41510405,M01037,1396,100,10,AFS,SAMNI
41510512,P02090,1506,100,10,AFS,SAMNI
41510512,M01097,,100,10,AFS,SAMNI
41510553,K01059,,100,10,AFS,SAMNI
41518515,M02090,,100,10,AFS,SAMNI
41518523,N02078,,100,10,AFS,SAMNI
41523911,M02031,1396,100,10,AFS,SAMNI
41523911,P01074,1506,100,10,AFS,SAMNI
41524091,O01106,1506,100,10,AFS,SAMNI
41524091,J01010,1396,100,10,AFS,SAMNI
41524109,J01027,1396,100,10,AFS,SAMNI
41524109,P01057,1506,100,10,AFS,SAMNI
41526302,E01051,1506,100,10,AFS,SAMNI
41526302,M01031,1396,100,10,AFS,SAMNI
41526427,P01052,1506,100,10,AFS,SAMNI
41526427,K01009,1396,100,10,AFS,SAMNI
41534959,O02025,1396,100,10,AFS,SAMNI
41537580,B01009,1396,100,10,AFS,SAMNI
41544040,M02001,1396,100,10,AFS,SAMNI
41547258,M01039,1396,100,10,AFS,SAMNI
41550070,L01042,,100,10,AFS,SAMNI
41555327,M01095,,100,10,AFS,SAMNI
41555442,M02075,,100,10,AFS,SAMNI
41555996,G01047,,100,10,AFS,SAMNI
41556093,N01030,1396,100,10,AFS,SAMNI
41569575,G01074,,100,10,AFS,SAMNI
41571845,D01025,1506,100,10,AFS,SAMNI
41578881,E01064,,100,10,AFS,SAMNI
41578923,H01077,,100,10,AFS,SAMNI
41587940,O01082,,100,10,AFS,SAMNI
41587957,M03056,,100,10,AFS,SAMNI
41587973,M02078,,100,10,AFS,SAMNI
41588005,M03097,,100,10,AFS,SAMNI
41588021,N03061,,100,10,AFS,SAMNI
41589623,N02073,,100,10,AFS,SAMNI
41591280,N01008,1396,100,10,AFS,SAMNI
41591439,L01010,1396,100,10,AFS,SAMNI
41598368,E01053,1506,100,10,AFS,SAMNI
41598368,M02035,1396,100,10,AFS,SAMNI
41598798,E01037,1506,100,10,AFS,SAMNI
41598798,H01018,1396,100,10,AFS,SAMNI
41603176,F01057,,100,10,AFS,SAMNI
41603184,E01076,,100,10,AFS,SAMNI
41667239,M03087,,100,10,AFS,SAMNI
41667247,M03093,,100,10,AFS,SAMNI
41691122,M01051,1396,100,10,AFS,SAMNI
41691239,O02036,1396,100,10,AFS,SAMNI
41691379,H01045,,100,10,AFS,SAMNI
41736596,F01028,1506,100,10,AFS,SAMNI
41741182,B01030,1506,100,10,AFS,SAMNI
41741182,F01005,1396,100,10,AFS,SAMNI
41763798,N02053,1396,100,10,AFS,SAMNI
41763848,N01034,1396,100,10,AFS,SAMNI
41803883,E01019,1396,100,10,AFS,SAMNI
41803883,B01039,1506,100,10,AFS,SAMNI
41891524,B01007,1396,100,10,AFS,SAMNI
41891532,B01005,1396,100,10,AFS,SAMNI
41891763,B01008,1396,100,10,AFS,SAMNI
41906884,E01003,1396,100,10,AFS,SAMNI
41909276,F01049,,100,10,AFS,SAMNI
41909904,M01059,,100,10,AFS,SAMNI
41910225,J01066,,100,10,AFS,SAMNI
41915588,L01060,,100,10,AFS,SAMNI
41915604,N01074,,100,10,AFS,SAMNI
41915612,N01071,,100,10,AFS,SAMNI
41916289,L01002,1396,100,10,AFS,SAMNI
41926072,J01022,1396,100,10,AFS,SAMNI
41952300,M03096,,100,10,AFS,SAMNI
41952375,K01049,,100,10,AFS,SAMNI
41952383,K01050,,100,10,AFS,SAMNI
41979782,P03056,1506,100,10,AFS,SAMNI
41979881,P02060,1506,100,10,AFS,SAMNI
41979881,O01036,1396,100,10,AFS,SAMNI
41985193,N02057,1396,100,10,AFS,SAMNI
41993163,O03115,1506,100,10,AFS,SAMNI
41993171,O03117,1506,100,10,AFS,SAMNI
42013110,N01072,,100,10,AFS,SAMNI
42013136,K01063,,100,10,AFS,SAMNI
42013151,M01066,,100,10,AFS,SAMNI
42013169,O02064,,100,10,AFS,SAMNI
42013177,N02072,,100,10,AFS,SAMNI
42013185,M03095,,100,10,AFS,SAMNI
42013193,L01059,,100,10,AFS,SAMNI
42029348,B01006,1396,100,10,AFS,SAMNI
42045666,I01009,1396,100,10,AFS,SAMNI
42046177,M02020,1396,100,10,AFS,SAMNI
42048413,D01047,,100,10,AFS,SAMNI
42048462,N01002,1396,100,10,AFS,SAMNI
42048520,F01068,,100,10,AFS,SAMNI
42048611,D01041,,100,10,AFS,SAMNI
42048678,G01064,,100,10,AFS,SAMNI
42048686,E01072,,100,10,AFS,SAMNI
42048728,E01063,,100,10,AFS,SAMNI
42048801,D01042,,100,10,AFS,SAMNI
42048819,D01053,,100,10,AFS,SAMNI
42048884,D01049,,100,10,AFS,SAMNI
42049163,D01046,,100,10,AFS,SAMNI
42052183,H01062,,100,10,AFS,SAMNI
42057273,N01057,1396,100,10,AFS,SAMNI
42060210,D01054,,100,10,AFS,SAMNI
42068429,I01074,,100,10,AFS,SAMNI
42070607,L01030,1396,100,10,AFS,SAMNI
42070607,A01027,1506,100,10,AFS,SAMNI
42071639,A01026,1506,100,10,AFS,SAMNI
42071639,L01006,1396,100,10,AFS,SAMNI
42071647,L01005,1396,100,10,AFS,SAMNI
42071647,A01025,1506,100,10,AFS,SAMNI
42075424,M01054,,100,10,AFS,SAMNI
42075432,M02064,,100,10,AFS,SAMNI
42075440,M02062,,100,10,AFS,SAMNI
42075481,N01078,,100,10,AFS,SAMNI
42075499,N01079,,100,10,AFS,SAMNI
42075507,M02065,,100,10,AFS,SAMNI
42080531,O01095,,100,10,AFS,SAMNI
42081034,O01077,,100,10,AFS,SAMNI
42081059,N01075,,100,10,AFS,SAMNI
42084640,L01058,,100,10,AFS,SAMNI
42084657,N02088,,100,10,AFS,SAMNI
42085415,O02117,1506,100,10,AFS,SAMNI
42085415,M02027,1396,100,10,AFS,SAMNI
42085506,O02118,1506,100,10,AFS,SAMNI
42085506,M01020,1396,100,10,AFS,SAMNI
42090860,L01018,1396,100,10,AFS,SAMNI
42090860,O02119,1506,100,10,AFS,SAMNI
42093146,L01040,1396,100,10,AFS,SAMNI
42108647,J01024,1396,100,10,AFS,SAMNI
42109066,F01015,1396,100,10,AFS,SAMNI
42109066,P02076,1506,100,10,AFS,SAMNI
4211391,O01043,1396,100,10,AFS,SAMNI
42124891,I01058,,100,10,AFS,SAMNI
42127183,K01053,,100,10,AFS,SAMNI
42129262,N01058,1396,100,10,AFS,SAMNI
42136606,F01016,1396,100,10,AFS,SAMNI
42157594,H01014,1396,100,10,AFS,SAMNI
42197095,O01085,,100,10,AFS,SAMNI
42200741,J01023,1396,100,10,AFS,SAMNI
42200741,D01037,1506,100,10,AFS,SAMNI
42219378,B01014,1396,100,10,AFS,SAMNI
42219394,B01013,1396,100,10,AFS,SAMNI
42219410,C01016,1396,100,10,AFS,SAMNI
42219436,C01018,1396,100,10,AFS,SAMNI
42219469,C01017,1396,100,10,AFS,SAMNI
42219485,J01060,,100,10,AFS,SAMNI
42229187,J01069,,100,10,AFS,SAMNI
42233197,L01057,,100,10,AFS,SAMNI
42233205,N01073,,100,10,AFS,SAMNI
42233213,M01067,,100,10,AFS,SAMNI
42233221,K01062,,100,10,AFS,SAMNI
42233288,O02023,1396,100,10,AFS,SAMNI
42233304,O02022,1396,100,10,AFS,SAMNI
42233312,O02021,1396,100,10,AFS,SAMNI
42242859,J01082,,100,10,AFS,SAMNI
42243147,L01070,,100,10,AFS,SAMNI
42246884,N01093,,100,10,AFS,SAMNI
42255737,J01055,,100,10,AFS,SAMNI
42268490,D01001,1396,100,10,AFS,SAMNI
42268508,B01015,1396,100,10,AFS,SAMNI
42268516,B01016,1396,100,10,AFS,SAMNI
42268599,B01017,1396,100,10,AFS,SAMNI
42268607,K01031,1396,100,10,AFS,SAMNI
42268615,J01019,1396,100,10,AFS,SAMNI
42268938,J01013,1396,100,10,AFS,SAMNI
42268953,L01017,1396,100,10,AFS,SAMNI
42269852,J01004,1396,100,10,AFS,SAMNI
42269902,J01020,1396,100,10,AFS,SAMNI
42269910,B01019,1396,100,10,AFS,SAMNI
42269951,B01020,1396,100,10,AFS,SAMNI
42269977,B01018,1396,100,10,AFS,SAMNI
42271379,A01001,1396,100,10,AFS,SAMNI
42271387,B01002,1396,100,10,AFS,SAMNI
42271395,B01003,1396,100,10,AFS,SAMNI
42274050,J01018,1396,100,10,AFS,SAMNI
42279901,M01016,1396,100,10,AFS,SAMNI
42279927,M02023,1396,100,10,AFS,SAMNI
42288837,E01010,1396,100,10,AFS,SAMNI
42288837,B01022,1506,100,10,AFS,SAMNI
42290312,O01038,1396,100,10,AFS,SAMNI
42290320,G01020,1506,100,10,AFS,SAMNI
42290338,G01021,1506,100,10,AFS,SAMNI
42314765,E01078,,100,10,AFS,SAMNI
42352757,J01056,,100,10,AFS,SAMNI
42352765,L01041,,100,10,AFS,SAMNI
42352773,J01046,,100,10,AFS,SAMNI
42355057,M01055,,100,10,AFS,SAMNI
42355065,M01056,,100,10,AFS,SAMNI
42355073,N01082,,100,10,AFS,SAMNI
42355081,M01071,,100,10,AFS,SAMNI
42355099,L01063,,100,10,AFS,SAMNI
42373035,O02029,1396,100,10,AFS,SAMNI
42373100,O02032,1396,100,10,AFS,SAMNI
42373118,O02028,1396,100,10,AFS,SAMNI
42373126,O02020,1396,100,10,AFS,SAMNI
42373159,O02027,1396,100,10,AFS,SAMNI
42373167,A01002,1396,100,10,AFS,SAMNI
42380071,G01008,1396,100,10,AFS,SAMNI
42380113,D01005,1396,100,10,AFS,SAMNI
42385732,N02032,1396,100,10,AFS,SAMNI
42386755,M01033,1396,100,10,AFS,SAMNI
42396259,D01007,1396,100,10,AFS,SAMNI
42396986,C01010,1396,100,10,AFS,SAMNI
42402321,N03113,,100,10,AFS,SAMNI
42445676,J01091,,100,10,AFS,SAMNI
42455840,O02031,1396,100,10,AFS,SAMNI
42465963,K01033,1396,100,10,AFS,SAMNI
42466565,I01007,1396,100,10,AFS,SAMNI
42466573,E01016,1396,100,10,AFS,SAMNI
42466581,E01015,1396,100,10,AFS,SAMNI
42529883,G01065,,100,10,AFS,SAMNI
42530006,G01076,,100,10,AFS,SAMNI
42530048,N02029,1396,100,10,AFS,SAMNI
5000092,G01042,,100,10,AFS,SAMNI
5000181,E01067,,100,10,AFS,SAMNI
5000300,D01015,1396,100,10,AFS,SAMNI
5000319,E01001,1396,100,10,AFS,SAMNI
5000319,A01028,1506,100,10,AFS,SAMNI
5026652,E01073,,100,10,AFS,SAMNI
5028884,G01058,,100,10,AFS,SAMNI
5046696,E01023,1506,100,10,AFS,SAMNI
5046696,G01009,1396,100,10,AFS,SAMNI
5060958,I01017,1396,100,10,AFS,SAMNI
5076366,D01012,1396,100,10,AFS,SAMNI
5076366,C01027,1506,100,10,AFS,SAMNI
5088658,K01017,1396,100,10,AFS,SAMNI
5306159,G01011,1396,100,10,AFS,SAMNI
5306159,E01046,1506,100,10,AFS,SAMNI
5307384,D01029,1506,100,10,AFS,SAMNI
5307384,E01009,1396,100,10,AFS,SAMNI
5323746,J01016,1396,100,10,AFS,SAMNI
5323746,E01029,1506,100,10,AFS,SAMNI
5336422,J01034,1396,100,10,AFS,SAMNI
6115101,O02033,1396,100,10,AFS,SAMNI
6139280,C01006,1396,100,10,AFS,SAMNI
6139280,B01027,1506,100,10,AFS,SAMNI
6139574,C01030,1506,100,10,AFS,SAMNI
6139574,D01010,1396,100,10,AFS,SAMNI
6140106,I01006,1396,100,10,AFS,SAMNI
6140106,A01019,1506,100,10,AFS,SAMNI
6148026,C01005,1396,100,10,AFS,SAMNI
73342,N01035,1396,100,10,AFS,SAMNI
73547,O01088,,100,10,AFS,SAMNI
73555,K01069,,100,10,AFS,SAMNI
74187,N01021,1396,100,10,AFS,SAMNI
74187,B01040,1506,100,10,AFS,SAMNI
74233,B01033,1506,100,10,AFS,SAMNI
74233,H01005,1396,100,10,AFS,SAMNI
8017085,J01086,,100,10,AFS,SAMNI
8017093,J01088,,100,10,AFS,SAMNI
8044961,D01018,1396,100,10,AFS,SAMNI
8044961,O02103,1506,100,10,AFS,SAMNI
8181586,M01013,1396,100,10,AFS,SAMNI
8661707,J01090,,100,10,AFS,SAMNI
8661723,I01079,,100,10,AFS,SAMNI
8672954,L01066,,100,10,AFS,SAMNI
8673772,I01021,,100,10,AFS,SAMNI
8673772,H01039,1506,100,10,AFS,SAMNI
8673802,M01084,,100,10,AFS,SAMNI
8683182,A01016,1396,100,10,AFS,SAMNI
8683220,A01014,1396,100,10,AFS,SAMNI
8684464,M01098,,100,10,AFS,SAMNI
8684510,N02116,,100,10,AFS,SAMNI
8684545,M01069,,100,10,AFS,SAMNI
8684545,P03090,1506,100,10,AFS,SAMNI
8687072,E01054,1506,100,10,AFS,SAMNI
8687072,F01002,1396,100,10,AFS,SAMNI
8687110,A01015,1396,100,10,AFS,SAMNI
8988315,K01075,,100,10,AFS,SAMNI
9214640,M02093,,100,10,AFS,SAMNI
9510990,K01045,,100,10,AFS,SAMNI
9602135,I01005,1396,100,10,AFS,SAMNI
9765930,K01072,,100,10,AFS,SAMNI
9774122,K01002,1396,100,10,AFS,SAMNI